<?xml version="1.0" encoding="UTF-8" standalone="yes"?>
<addon id="plugin.video.theone" name="[B][COLOR blue]THE[/COLOR]O[COLOR red]NE[/COLOR][/B]" version="2.0.0" provider-name="PERALTASTREAM">
  <requires>
    <import addon="xbmc.python" version="2.1.0"/>
	<import addon="script.module.urlresolver"  version="2.10.0"/>
	<import addon="script.module.addon.common" />
	<import addon="script.module.metahandler" version="2.5.1"/>
	<import addon="script.module.requests" />
	<import addon="repository.mdrepo" />
  </requires>
  <extension point="xbmc.python.pluginsource" library="default.py">
        <provides>video</provides>
  </extension>
  <extension point="xbmc.addon.metadata">
    <summary lang="en">Stream Free content From The Web</summary>
    <description lang="en">Peraltastream</description>
	<disclaimer lang="en"></disclaimer>
    <platform>all</platform>
  </extension>
</addon>
