<?xml version="1.0" encoding="UTF-8" standalone="yes"?>
<addon id="plugin.video.streamloops" name="[B][COLOR blue]STRE[/COLOR]AM[COLOR red]LOPPS[/COLOR]" version="0.0.1" provider-name="PERALTASTREAM">
  <requires>
    <import addon="xbmc.python" version="2.1.0"/>
	<import addon="script.module.urlresolver"  version="3.0.0"/>
	<import addon="script.module.addon.common" />
  </requires>
  <extension point="xbmc.python.pluginsource" library="default.py">
		<provides>video</provides>
  </extension>
  <extension point="xbmc.addon.metadata">
	<summary lang="en">Movie Links</summary>
	<description lang="en">Movie Links all from PERALTASTREAM Note:[CR]If link does not play first time press play again.</description>
	<disclaimer lang="en"></disclaimer>
	<platform>all</platform>
  </extension>
</addon>
