<addon id="plugin.video.homecinema" name="[B][COLOR gold]HOMECINEMA[/COLOR][/B]" version="1.0.1" provider-name="[B][COLOR gold]PERALTASTREAM[/COLOR][/B]">
  <requires>
    <import addon="xbmc.python" version="2.1.0"/>
	<import addon="script.module.t0mm0.common" version="2.0.0"/>
    <import addon="script.module.beautifulsoup" version="3.2.1"/>
    <import addon="script.module.simple.downloader" version="0.9.4"/>
    <import addon="script.module.beautifulsoup4" />
    <import addon="script.module.simple.downloader" version="0.9.4"/>
    <import addon="script.module.requests" />
    <import addon="script.module.httplib2" />
    <import addon="script.module.youtube.dl" optional="true"/>
    <import addon="plugin.video.youtube" version="3.0.0"/>
	<import addon="script.module.urlresolver" />
	<import addon="script.module.liveresolver" />
    <import addon="script.module.simplejson" /> 
    <import addon="script.common.plugin.cache" version="2.5.2"/>
    <import addon="script.module.metahandler" version="2.5.1"/>
  </requires>
  <extension point="xbmc.python.pluginsource" library="default.py">
    <provides>video</provides>
  </extension>
  <extension point="xbmc.addon.metadata">
    <summary lang="en">[B][COLOR gold]HOMECINEMA[/COLOR][/B] by [B][COLOR gold]PERALTASTREAM[/COLOR][/B]</summary>
    <description lang="en">Brought to you by [B][COLOR blue]PERAL[/COLOR]TAST[COLOR red]REAM[/COLOR][/B] Peliculas  Content Warning! Links Go Up And Down.</description>
    <platform>all</platform>
  </extension>
</addon>

