<?xml version="1.0" encoding="UTF-8" standalone="yes"?>
<addon id="repository.peraltamediacenter" name="Peralta.Media.Center.Repo" version="0.0.1" provider-name="PeraltaStream">
	<extension point="xbmc.addon.repository" name="Peralta.Media.Center.Repo">
		
		<dir>
			<info compressed="false">https://raw.githubusercontent.com/peralta57/repository.peraltamediacenter/master/zips/addons.xml</info>
			<checksum>https://raw.githubusercontent.com/peralta57/repository.peraltamediacenter/master/zips/addons.xml.md5</checksum>
			<datadir zip="true">https://raw.githubusercontent.com/noobsandnerds/modules4all/master/zips/</datadir>
		</dir>
		<info compressed="false">https://raw.githubusercontent.com/peralta57/repository.peraltamediacenter/master/zips/addons.xml</info>
		<checksum>https://raw.githubusercontent.com/peralta57/repository.peraltamediacenter/master/zips/addons.xml.md5</checksum>
		<datadir zip="true">https://raw.githubusercontent.com/peralta57/repository.peraltamediacenter/master/zips/</datadir>
	</extension>
	<extension point="xbmc.addon.metadata">
		<summary lang="en">best addons</summary>
		<description lang="en">repo para peralta media center</description>
		<genre>anime,livetv,movies,tvshows,spanish,usa</genre>
	</extension>
</addon>