<?xml version="1.0" encoding="UTF-8" standalone="yes"?>
<addon id="plugin.video.247Madness"
       name="[B][COLOR blue]24/7[/COLOR]MAD[COLOR red]NESS[/COLOR][/B]"
       version="1.16"
       provider-name="[B][COLOR blue]PERAL[/COLOR]TAST[COLOR red]REAM[/COLOR][/B]">
  <requires>
    <import addon="xbmc.python" version="2.1.0"/>
	<import addon="script.module.t0mm0.common" version="2.0.0"/>
    <import addon="script.module.beautifulsoup" version="3.2.1"/>
    <import addon="script.module.simple.downloader" version="0.9.4"/>
    <import addon="script.module.beautifulsoup4" />
    <import addon="script.module.simple.downloader" version="0.9.4"/>
    <import addon="script.module.requests" />
    <import addon="script.module.httplib2" />
    <import addon="script.module.youtube.dl" optional="true"/>
    <import addon="plugin.video.youtube" version="3.0.0"/>
    <import addon="script.module.urlresolver" optional="true"/>
    <import addon="script.module.simplejson" /> 
    <import addon="script.common.plugin.cache" version="2.5.2"/>
    <import addon="script.module.metahandler" version="2.5.1"/>
  </requires>
  <extension point="xbmc.python.pluginsource" library="default.py">
    <provides>video</provides>
  </extension>
  <extension point="xbmc.addon.metadata">
    <summary lang="en">Exclusive 24/7MADNESS by [B][COLOR blue]PERAL[/COLOR]TAST[COLOR red]REAM[/COLOR][/B]</summary>
    <description lang="en">Brought to you by [B][COLOR blue]PERAL[/COLOR]TAST[COLOR red]REAM[/COLOR][/B] (these sources are freely found on the web i do not own nore store or host these sources!)</description>
    <platform>all</platform>
  </extension>
</addon>
