<?xml version="1.0" encoding="UTF-8" standalone="yes"?>
<addon id="plugin.video.dualhd"
       name="[B][COLOR blue]DUAL[/COLOR]HD[COLOR red]MOVIES[/COLOR][/B]"
       version="1.0.0"
       provider-name="[COLOR yellow]PERALTASTREAM[/COLOR]">
  <requires>
    <import addon="xbmc.python" version="2.1.0"/>
    <import addon="script.module.beautifulsoup" version="3.2.1"/>
    <import addon="script.module.simple.downloader" version="0.9.4"/>
    <import addon="script.module.beautifulsoup4" />
	<import addon="script.module.simple.downloader" version="0.9.4"/>
    <import addon="script.module.requests" />
    <import addon="script.module.httplib2" />
    <import addon="script.module.youtube.dl" />
    <import addon="plugin.video.youtube" />
    <import addon="script.module.urlresolver" />
    <import addon="script.module.simplejson" />    
  </requires>
  <extension point="xbmc.python.pluginsource" library="default.py">
    <provides>video</provides>
  </extension>
  <extension point="xbmc.addon.metadata">
    <summary>PERALTASTREAM</summary>
    <description>PERALTASTREAM</description>
    <platform>all</platform>
  </extension>
</addon>
