<?xml version="1.0" encoding="UTF-8" standalone="yes"?>
<addon id="plugin.video.LIVESTREAMTV" name="[COLOR blue][B]LIVE[/COLOR]STREAM[COLOR red]TV[/COLOR][/B]" version="1.0" provider-name="[COLOR blue][B]PERA[/COLOR]LTA[COLOR red]STREAM[/COLOR][/B]">
  <requires>
    <import addon="xbmc.python" version="2.1.0"/>
    <import addon="script.module.beautifulsoup" version="3.2.1"/>
    <import addon="script.module.simple.downloader" version="0.9.4"/>
    <import addon="script.module.beautifulsoup4" />
    <import addon="script.module.simple.downloader" version="0.9.4"/>
    <import addon="script.module.requests" />
    <import addon="script.module.httplib2" />
    <import addon="script.module.youtube.dl" optional="true"/>
    <import addon="plugin.video.youtube" />
    <import addon="script.module.urlresolver" optional="true"/>
    <import addon="script.module.simplejson" />    
  </requires>
  <extension point="xbmc.python.pluginsource" library="default.py">
    <provides>video</provides>
  </extension>
  <extension point="xbmc.addon.metadata">
    <summary>[COLOR blue][B]PERA[/COLOR]LTA[COLOR red]STREAM[/COLOR][/B]</summary>
    <description lang="en">[COLOR blue][B]PERA[/COLOR]LTA[COLOR red]STREAM[/COLOR][/B]</description>
    <platform>all</platform>
  </extension>
</addon>

